type	Mean	Median	Perc	Rothnie_percentage
AAAAAA	-3.196769761437322	-3.3610286024250886	91.40448696831463	76
AACAAA	-3.2425370532072533	-3.4271258372602516	90.11434417101894	72
AAGAAA	-3.1949049145069037	-3.3726317993532655	91.45783922182783	79
AATAAA	-2.9219909445967263	-3.1133344320889007	100.00000189607958	100
AATAAC	-3.2370283310676573	-3.423650525990087	90.26769929555266	88
AATAAG	-2.987156137945098	-3.1792919050343333	97.81848905996839	92
AATAAT	-3.0314149866422695	-3.233557011177845	96.390332992202	93
AATACA	-3.2463571262318114	-3.432561641773137	90.00830427401813	91
AATAGA	-3.2414581076747555	-3.4143859880146725	90.14433945888865	88
AATATA	-3.1337223519209476	-3.285979909107973	93.24345528597459	87
AATCAA	-3.1983099234006414	-3.4059426869318052	91.36047068550374	86
AATGAA	-3.1505514121398592	-3.3209176205487903	92.74538383156805	90
AATTAA	-3.1856398662914116	-3.3758508427022473	91.72383328444653	85
ACTAAA	-3.2655727402752	-3.483103062433546	89.47866828879012	62
AGTAAA	-3.1947710416735684	-3.3645666001891468	91.46167164672076	84
ATTAAA	-3.1897686960980223	-3.377592079110004	91.60510614999798	74
CATAAA	-3.2083339698968802	-3.354711471175259	91.07502608570131	67
GATAAA	-3.2576010014455616	-3.4375513727073352	89.697633279931	73
TATAAA	-3.1182708596185384	-3.2843413333119917	93.70549036774342	61
